epoch,time,train/box_loss,train/cls_loss,train/dfl_loss,metrics/precision(B),metrics/recall(B),metrics/mAP50(B),metrics/mAP50-95(B),val/box_loss,val/cls_loss,val/dfl_loss,lr/pg0,lr/pg1,lr/pg2
1,0.721829,0.8271,2.14688,1.28373,0.61629,0.89498,0.88769,0.61383,1.39606,1.27802,1.25156,0,0,0
2,1.14528,0.94004,1.98262,1.3335,0.56586,0.83333,0.87402,0.63482,1.41883,1.30173,1.26408,1.07219e-06,1.07219e-06,1.07219e-06
3,1.46747,0.92516,2.10034,1.28172,0.59431,0.83333,0.87422,0.62585,1.45547,1.3036,1.26909,1.90876e-06,1.90876e-06,1.90876e-06
4,1.78245,1.08862,2.31748,1.40689,0.58361,0.83333,0.87398,0.6016,1.45933,1.33173,1.26882,2.50971e-06,2.50971e-06,2.50971e-06
5,2.09796,0.99248,2.89643,1.35562,0.57285,0.83333,0.87419,0.60525,1.48969,1.37437,1.28302,2.87504e-06,2.87504e-06,2.87504e-06
